dxcc,lotw_name,adif_name,lotw_prefix,deleted,mapping,continent,cq_zone
1,CANADA,CANADA,VE,,auto,NA,5
2,ABU AIL ISLANDS,ABU AIL IS.,,yes,auto,,
3,AFGHANISTAN,AFGHANISTAN,YA,,auto,AS,21
4,AGALEGA & SAINT BRANDON ISLANDS,AGALEGA & ST. BRANDON IS.,3B7,,auto,AF,39
5,ALAND ISLANDS,ALAND IS.,OH0,,auto,EU,15
6,ALASKA,ALASKA,KL7,,auto,NA,1
7,ALBANIA,ALBANIA,ZA,,auto,EU,15
8,ALDABRA,ALDABRA,VQ9/A,yes,auto,,
9,AMERICAN SAMOA,AMERICAN SAMOA,KH8,,auto,OC,32
10,AMSTERDAM & SAINT PAUL ISLANDS,AMSTERDAM & ST. PAUL IS.,FT5Z,,auto,AF,39
11,ANDAMAN & NICOBAR ISLANDS,ANDAMAN & NICOBAR IS.,VU4,,auto,AS,26
12,ANGUILLA,ANGUILLA,VP2E,,auto,NA,8
13,ANTARCTICA,ANTARCTICA,"CE9, KC4",,auto,SA,13
14,ARMENIA,ARMENIA,EK,,auto,AS,21
15,ASIATIC RUSSIA,ASIATIC RUSSIA,"UA9,UA0",,auto,AS,17
16,NEW ZEALAND SUBANTARCTIC ISLANDS,NEW ZEALAND SUBANTARCTIC ISLANDS,ZL9,,auto,OC,32
17,AVES ISLAND,AVES I.,YV0,,auto,NA,8
18,AZERBAIJAN,AZERBAIJAN,4J,,auto,AS,21
19,BAJO NUEVO,BAJO NUEVO,HK0,yes,auto,,
20,BAKER & HOWLAND ISLANDS,BAKER & HOWLAND IS.,KH1,,auto,OC,31
21,BALEARIC ISLANDS,BALEARIC IS.,EA6,,auto,EU,14
22,PALAU,PALAU,T8,,auto,OC,27
23,BLENHEIM REEF,BLENHEIM REEF,,yes,auto,,
24,BOUVET ISLAND,BOUVET,3Y,,manual,AF,38
25,BRITISH NORTH BORNEO,BRITISH NORTH BORNEO,ZC5,yes,auto,,
26,BRITISH SOMALILAND,BRITISH SOMALILAND,VQ6,yes,auto,,
27,BELARUS,BELARUS,EU,,auto,EU,16
28,CANAL ZONE,CANAL ZONE,KZ5,yes,auto,,
29,CANARY ISLANDS,CANARY IS.,EA8,,auto,AF,33
30,CELEBES & MOLUCCA ISLANDS,CELEBE & MOLUCCA IS.,PK6,yes,manual,,
31,CENTRAL KIRIBATI,C. KIRIBATI (BRITISH PHOENIX IS.),T31,,manual,OC,31
32,CEUTA & MELILLA,CEUTA & MELILLA,EA9,,auto,AF,33
33,CHAGOS ISLANDS,CHAGOS IS.,VQ9,,auto,AF,39
34,CHATHAM ISLAND,CHATHAM IS.,ZL7,,auto,OC,32
35,CHRISTMAS ISLAND,CHRISTMAS I.,VK9X,,auto,OC,29
36,CLIPPERTON ISLAND,CLIPPERTON I.,FO0,,auto,NA,7
37,COCOS ISLAND,COCOS I.,TI9,,auto,NA,7
38,COCOS (KEELING) ISLANDS,COCOS (KEELING) IS.,VK9C,,auto,OC,29
39,COMORO ISLANDS,COMOROS,FH8,yes,manual,,
40,CRETE,CRETE,SV9,,auto,EU,20
41,CROZET ISLAND,CROZET I.,FT5W,,auto,AF,39
42,"DAMAO, DIU","DAMAO, DIU",CR8,yes,auto,,
43,DESECHEO ISLAND,DESECHEO I.,KP5,,auto,NA,8
44,DESROCHES,DESROCHES,VQ9/D,yes,auto,,
45,DODECANESE,DODECANESE,SV5,,auto,EU,20
46,EAST MALAYSIA,EAST MALAYSIA,9M6,,auto,OC,28
47,EASTER ISLAND,EASTER I.,CE0Y,,auto,SA,12
48,EASTERN KIRIBATI,E. KIRIBATI (LINE IS.),T32,,manual,OC,31
49,EQUATORIAL GUINEA,EQUATORIAL GUINEA,3C,,auto,AF,36
50,MEXICO,MEXICO,XE,,auto,NA,6
51,ERITREA,ERITREA,E3,,auto,AF,37
52,ESTONIA,ESTONIA,ES,,auto,EU,15
53,ETHIOPIA,ETHIOPIA,ET,,auto,AF,37
54,EUROPEAN RUSSIA,EUROPEAN RUSSIA,UA,,auto,EU,16
55,FARQUHAR,FARQUHAR,VQ9/F,yes,auto,,
56,FERNANDO DE NORONHA,FERNANDO DE NORONHA,PY0F,,auto,SA,11
57,FRENCH EQUATORIAL AFRICA,FRENCH EQUATORIAL AFRICA,FQ8,yes,auto,,
58,FRENCH INDO-CHINA,FRENCH INDO-CHINA,FI8,yes,auto,,
59,FRENCH WEST AFRICA,FRENCH WEST AFRICA,FF,yes,auto,,
60,BAHAMAS,BAHAMAS,C6A,,auto,NA,8
61,FRANZ JOSEF LAND,FRANZ JOSEF LAND,R1F,,auto,EU,40
62,BARBADOS,BARBADOS,8P,,auto,NA,8
63,FRENCH GUIANA,FRENCH GUIANA,FY,,auto,SA,9
64,BERMUDA,BERMUDA,VP9,,auto,NA,5
65,BRITISH VIRGIN ISLANDS,BRITISH VIRGIN IS.,VP2V,,auto,NA,8
66,BELIZE,BELIZE,V3,,auto,NA,7
67,FRENCH INDIA,FRENCH INDIA,FN8,yes,auto,,
68,KUWAIT/SAUDI ARABIA NEUTRAL ZONE,KUWAIT/SAUDI ARABIA NEUTRAL ZONE,8Z5,yes,auto,,
69,CAYMAN ISLANDS,CAYMAN IS.,ZF,,auto,NA,8
70,CUBA,CUBA,CO,,auto,NA,8
71,GALAPAGOS ISLANDS,GALAPAGOS IS.,HC8,,auto,SA,10
72,DOMINICAN REPUBLIC,DOMINICAN REPUBLIC,HI,,auto,NA,8
74,EL SALVADOR,EL SALVADOR,YS,,auto,NA,7
75,GEORGIA,GEORGIA,4L,,auto,AS,21
76,GUATEMALA,GUATEMALA,TG,,auto,NA,7
77,GRENADA,GRENADA,J3,,auto,NA,8
78,HAITI,HAITI,HH,,auto,NA,8
79,GUADELOUPE,GUADELOUPE,FG,,auto,NA,8
80,HONDURAS,HONDURAS,HR,,auto,NA,7
81,GERMANY,GERMANY,DL,yes,auto,,
82,JAMAICA,JAMAICA,6Y,,auto,NA,8
84,MARTINIQUE,MARTINIQUE,FM,,auto,NA,8
85,"BONAIRE,CURACAO (NETH ANTILLES)","BONAIRE, CURACAO","PJ2,9",yes,manual,,
86,NICARAGUA,NICARAGUA,YN,,auto,NA,7
88,PANAMA,PANAMA,HP,,auto,NA,7
89,TURKS & CAICOS ISLANDS,TURKS & CAICOS IS.,VP5,,auto,NA,8
90,TRINIDAD & TOBAGO,TRINIDAD & TOBAGO,9Y,,auto,SA,9
91,ARUBA,ARUBA,P4,,auto,SA,9
93,GEYSER REEF,GEYSER REEF,,yes,auto,,
94,ANTIGUA & BARBUDA,ANTIGUA & BARBUDA,V2,,auto,NA,8
95,DOMINICA,DOMINICA,J7,,auto,NA,8
96,MONTSERRAT,MONTSERRAT,VP2M,,auto,NA,8
97,SAINT LUCIA,ST. LUCIA,J6,,auto,NA,8
98,SAINT VINCENT,ST. VINCENT,J8,,auto,NA,8
99,GLORIOSO ISLAND,GLORIOSO IS.,FR/G,,auto,AF,39
100,ARGENTINA,ARGENTINA,LU,,auto,SA,13
101,GOA,GOA,CR8,yes,auto,,
102,GOLD COAST TOGOLAND,"GOLD COAST, TOGOLAND",ZD4,yes,auto,,
103,GUAM,GUAM,KH2,,auto,OC,27
104,BOLIVIA,BOLIVIA,CP,,auto,SA,10
105,GUANTANAMO BAY,GUANTANAMO BAY,KG4,,auto,NA,8
106,GUERNSEY,GUERNSEY,GU,,auto,EU,14
107,GUINEA,GUINEA,3XA,,auto,AF,35
108,BRAZIL,BRAZIL,PY,,auto,SA,11
109,GUINEA-BISSAU,GUINEA-BISSAU,J5,,auto,AF,35
110,HAWAII,HAWAII,"KH6,KH7",,auto,OC,31
111,HEARD ISLAND,HEARD I.,VK0,,auto,AF,39
112,CHILE,CHILE,CE,,auto,SA,12
113,IFNI,IFNI,EA9,yes,auto,,
114,ISLE OF MAN,ISLE OF MAN,GD,,auto,EU,14
115,ITALIAN SOMALILAND,ITALIAN SOMALILAND,I5,yes,auto,,
116,COLOMBIA,COLOMBIA,HK,,auto,SA,9
117,ITU HQ,ITU HQ,4U1ITU,,auto,EU,14
118,JAN MAYEN,JAN MAYEN,JX,,auto,EU,40
119,JAVA,JAVA,PK1,yes,auto,,
120,ECUADOR,ECUADOR,HC,,auto,SA,10
122,JERSEY,JERSEY,GJ,,auto,EU,14
123,JOHNSTON ISLAND,JOHNSTON I.,KH3,,auto,OC,31
124,"JUAN DE NOVA, EUROPA","JUAN DE NOVA, EUROPA",FR/J,,auto,AF,39
125,JUAN FERNANDEZ ISLAND,JUAN FERNANDEZ IS.,CE0Z,,auto,SA,12
126,KALININGRAD,KALININGRAD,UA2,,auto,EU,15
127,KAMARAN ISLANDS,KAMARAN IS.,VS9K,yes,auto,,
128,KARELO-FINNISH REP,KARELO-FINNISH REPUBLIC,UN1,yes,auto,,
129,GUYANA,GUYANA,8R,,auto,SA,9
130,KAZAKHSTAN,KAZAKHSTAN,UN,,auto,AS,17
131,KERGUELEN ISLAND,KERGUELEN IS.,FT5X,,auto,AF,39
132,PARAGUAY,PARAGUAY,ZP,,auto,SA,11
133,KERMADEC ISLAND,KERMADEC IS.,ZL8,,auto,OC,32
134,KINGMAN REEF,KINGMAN REEF,KH5K,yes,auto,,
135,KYRGYZSTAN,KYRGYZSTAN,EX,,auto,AS,17
136,PERU,PERU,OA,,auto,SA,10
137,REPUBLIC OF KOREA,REPUBLIC OF KOREA,"HL,DS",,auto,AS,25
138,KURE ISLAND,KURE I.,KH7K,,auto,OC,31
139,KURIA MURIA ISLAND,KURIA MURIA I.,VS9H,yes,auto,,
140,SURINAME,SURINAME,PZ,,auto,SA,9
141,FALKLAND ISLANDS,FALKLAND IS.,VP8,,auto,SA,13
142,LAKSHADWEEP ISLANDS,LAKSHADWEEP IS.,VU7,,auto,AS,22
143,LAOS,LAOS,XW,,auto,AS,26
144,URUGUAY,URUGUAY,CX,,auto,SA,13
145,LATVIA,LATVIA,YL,,auto,EU,15
146,LITHUANIA,LITHUANIA,LY,,auto,EU,15
147,LORD HOWE ISLAND,LORD HOWE I.,VK9L,,auto,OC,30
148,VENEZUELA,VENEZUELA,YV,,auto,SA,9
149,AZORES,AZORES,CU,,auto,EU,14
150,AUSTRALIA,AUSTRALIA,VK,,auto,OC,30
151,MALYJ VYSOTSKIJ ISLAND,MALYJ VYSOTSKIJ I.,R1M,yes,auto,,
152,MACAO,MACAO,XX9,,auto,AS,24
153,MACQUARIE ISLAND,MACQUARIE I.,VK0,,auto,OC,30
154,YEMEN ARAB REPUBLIC,YEMEN ARAB REPUBLIC,4W,yes,auto,,
155,MALAYA,MALAYA,"VS2,9M2",yes,auto,,
157,NAURU,NAURU,C21,,auto,OC,31
158,VANUATU,VANUATU,YJ,,auto,OC,32
159,MALDIVES,MALDIVES,8Q,,auto,AS,22
160,TONGA,TONGA,A3,,auto,OC,32
161,MALPELO ISLAND,MALPELO I.,HK0,,auto,SA,9
162,NEW CALEDONIA,NEW CALEDONIA,FK,,auto,OC,32
163,PAPUA NEW GUINEA,PAPUA NEW GUINEA,P2,,auto,OC,28
164,MANCHURIA,MANCHURIA,C9,yes,auto,,
165,MAURITIUS ISLAND,MAURITIUS,3B8,,manual,AF,39
166,MARIANA ISLANDS,MARIANA IS.,KH0,,auto,OC,27
167,MARKET REEF,MARKET REEF,OH0M,,auto,EU,15
168,MARSHALL ISLANDS,MARSHALL IS.,V7,,auto,OC,31
169,MAYOTTE ISLAND,MAYOTTE,FH,,manual,AF,39
170,NEW ZEALAND,NEW ZEALAND,ZL,,auto,OC,32
171,MELLISH REEF,MELLISH REEF,VK9M,,auto,OC,30
172,PITCAIRN ISLAND,PITCAIRN I.,VP6,,auto,OC,32
173,MICRONESIA,MICRONESIA,V6,,auto,OC,27
174,MIDWAY ISLAND,MIDWAY I.,KH4,,auto,OC,31
175,FRENCH POLYNESIA,FRENCH POLYNESIA,FO,,auto,OC,32
176,FIJI ISLANDS,FIJI,3D2,,manual,OC,32
177,MINAMI TORISHIMA,MINAMI TORISHIMA,JD1,,auto,OC,27
178,MINERVA REEF,MINERVA REEF,1M,yes,auto,,
179,MOLDOVA,MOLDOVA,ER,,auto,EU,16
180,MOUNT ATHOS,MOUNT ATHOS,SV/A,,auto,EU,20
181,MOZAMBIQUE,MOZAMBIQUE,C9,,auto,AF,37
182,NAVASSA ISLAND,NAVASSA I.,KP1,,auto,NA,8
183,NETHERLANDS BORNEO,NETHERLANDS BORNEO,PK5,yes,auto,,
184,NETHERLANDS N GUINEA,NETHERLANDS NEW GUINEA,JZ0,yes,manual,,
185,SOLOMON ISLANDS,SOLOMON IS.,H4,,auto,OC,28
186,NEWFOUNDLAND LABRADOR,"NEWFOUNDLAND, LABRADOR",VO,yes,auto,,
187,NIGER,NIGER,5U,,auto,AF,35
188,NIUE,NIUE,E6,,auto,OC,32
189,NORFOLK ISLAND,NORFOLK I.,VK9N,,auto,OC,32
190,SAMOA,SAMOA,5W,,auto,OC,32
191,NORTH COOK ISLANDS,NORTH COOK IS.,E5,,auto,OC,32
192,OGASAWARA,OGASAWARA,JD1,,auto,AS,27
193,OKINAWA,OKINAWA (RYUKYU IS.),"KR6,JR6,KA6",yes,manual,,
194,OKINO TORI-SHIMA,OKINO TORI-SHIMA,7J1,yes,auto,,
195,ANNOBON,ANNOBON I.,3C0,,manual,AF,36
196,PALESTINE,PALESTINE,"ZC6,4X1",yes,auto,,
197,PALMYRA & JARVIS ISLANDS,PALMYRA & JARVIS IS.,KH5,,auto,OC,31
198,PAPUA TERRITORY,PAPUA TERRITORY,"P2, VK9",yes,auto,,
199,PETER 1 ISLAND,PETER 1 I.,3Y,,auto,SA,12
200,PORTUGUESE TIMOR,PORTUGUESE TIMOR,CR8,yes,auto,,
201,PRINCE EDWARD & MARION ISLANDS,PRINCE EDWARD & MARION IS.,ZS8,,auto,AF,38
202,PUERTO RICO,PUERTO RICO,"KP3,KP4",,auto,NA,8
203,ANDORRA,ANDORRA,C31,,auto,EU,14
204,REVILLAGIGEDO,REVILLAGIGEDO,XF4,,auto,NA,6
205,ASCENSION ISLAND,ASCENSION I.,ZD8,,auto,AF,36
206,AUSTRIA,AUSTRIA,OE,,auto,EU,15
207,RODRIGUEZ ISLAND,RODRIGUES I.,3B9,,manual,AF,39
208,RUANDA-URUNDI,RUANDA-URUNDI,9U5,yes,auto,,
209,BELGIUM,BELGIUM,ON,,auto,EU,14
210,SAAR,SAAR,9S4,yes,auto,,
211,SABLE ISLAND,SABLE I.,CY0,,auto,NA,5
212,BULGARIA,BULGARIA,LZ,,auto,EU,20
213,SAINT MARTIN,SAINT MARTIN,FS,,auto,NA,8
214,CORSICA,CORSICA,TK,,auto,EU,15
215,CYPRUS,CYPRUS,5B,,auto,AS,20
216,SAN ANDRES ISLAND,SAN ANDRES & PROVIDENCIA,HK0,,manual,NA,7
217,SAN FELIX ISLAND,SAN FELIX & SAN AMBROSIO,CE0X,,manual,SA,12
218,CZECHOSLOVAKIA,CZECHOSLOVAKIA,"OK,OM",yes,auto,,
219,SAO TOME & PRINCIPE,SAO TOME & PRINCIPE,S9,,auto,AF,36
220,SARAWAK,SARAWAK,VS4,yes,auto,,
221,DENMARK,DENMARK,OZ,,auto,EU,14
222,FAROE ISLANDS,FAROE IS.,OY,,auto,EU,14
223,ENGLAND,ENGLAND,"G,M",,auto,EU,14
224,FINLAND,FINLAND,OH,,auto,EU,15
225,SARDINIA,SARDINIA,"IS0,IMO",,auto,EU,15
226,SAUDI ARABIA/IRAQ NEUTRAL ZONE,SAUDI ARABIA/IRAQ NEUTRAL ZONE,8Z4,yes,auto,,
227,FRANCE,FRANCE,F,,auto,EU,14
228,SERRANA BANK & RONCADOR CAY,SERRANA BANK & RONCADOR CAY,HK0,yes,auto,,
229,GERMAN DEMOCRATIC REPUBLIC,GERMAN DEMOCRATIC REPUBLIC,"DM,Y**",yes,auto,,
230,FEDERAL REPUBLIC OF GERMANY,FEDERAL REPUBLIC OF GERMANY,DL,,auto,EU,14
231,SIKKIM,SIKKIM,AC3,yes,auto,,
232,SOMALIA,SOMALIA,T5,,auto,AF,37
233,GIBRALTAR,GIBRALTAR,ZB2,,auto,EU,14
234,SOUTH COOK ISLANDS,SOUTH COOK IS.,E5,,auto,OC,32
235,SOUTH GEORGIA ISLAND,SOUTH GEORGIA I.,VP8,,auto,SA,13
236,GREECE,GREECE,SV,,auto,EU,20
237,GREENLAND,GREENLAND,OX,,auto,NA,40
238,SOUTH ORKNEY ISLANDS,SOUTH ORKNEY IS.,VP8,,auto,SA,13
239,HUNGARY,HUNGARY,HA,,auto,EU,15
240,SOUTH SANDWICH ISLANDS,SOUTH SANDWICH IS.,VP8,,auto,SA,13
241,SOUTH SHETLAND ISLANDS,SOUTH SHETLAND IS.,VP8,,auto,SA,13
242,ICELAND,ICELAND,TF,,auto,EU,40
243,PEOPLE'S DEM REP OF YEMEN,PEOPLE'S DEMOCRATIC REP. OF YEMEN,VS9A,yes,manual,,
244,SOUTHERN SUDAN,SOUTHERN SUDAN,ST,yes,auto,,
245,IRELAND,IRELAND,EI,,auto,EU,14
246,SOVEREIGN MILITARY ORDER OF MALTA,SOVEREIGN MILITARY ORDER OF MALTA,1A0KM,,auto,EU,15
247,SPRATLY ISLANDS,SPRATLY IS.,,,auto,AS,26
248,ITALY,ITALY,I,,auto,EU,15
249,SAINT KITTS & NEVIS,ST. KITTS & NEVIS,V4,,auto,NA,8
250,SAINT HELENA,ST. HELENA,ZD7,,auto,AF,36
251,LIECHTENSTEIN,LIECHTENSTEIN,HB0,,auto,EU,14
252,SAINT PAUL ISLAND,ST. PAUL I.,CY9,,auto,NA,5
253,SAINT PETER AND PAUL ROCKS,ST. PETER & ST. PAUL ROCKS,PY0S,,manual,SA,11
254,LUXEMBOURG,LUXEMBOURG,LX,,auto,EU,14
255,"SINT MAARTEN, SABA, SAINT EUSTATIUS","ST. MAARTEN, SABA, ST. EUSTATIUS","PJ7,PJ8",yes,manual,,
256,MADEIRA ISLANDS,MADEIRA IS.,CT3,,auto,AF,33
257,MALTA,MALTA,9H,,auto,EU,15
258,SUMATRA,SUMATRA,PK4,yes,auto,,
259,SVALBARD,SVALBARD,JW,,auto,EU,40
260,MONACO,MONACO,3A,,auto,EU,14
261,SWAN ISLAND,SWAN IS.,KS4,yes,auto,,
262,TAJIKISTAN,TAJIKISTAN,EY,,auto,AS,17
263,NETHERLANDS,NETHERLANDS,PA,,auto,EU,14
264,TANGIER,TANGIER,CN2,yes,auto,,
265,NORTHERN IRELAND,NORTHERN IRELAND,"GI,MI",,auto,EU,14
266,NORWAY,NORWAY,LA,,auto,EU,14
267,TERRITORY OF NEW GUINEA,TERRITORY OF NEW GUINEA,"P2, VK9",yes,auto,,
268,TIBET,TIBET,AC4,yes,auto,,
269,POLAND,POLAND,SP,,auto,EU,15
270,TOKELAU ISLANDS,TOKELAU IS.,ZK3,,auto,OC,31
271,TRIESTE,TRIESTE,I1,yes,auto,,
272,PORTUGAL,PORTUGAL,CT,,auto,EU,14
273,TRINDADE & MARTIM VAZ ISLANDS,TRINDADE & MARTIM VAZ IS.,PY0T,,auto,SA,11
274,TRISTAN DA CUNHA & GOUGH ISLANDS,TRISTAN DA CUNHA & GOUGH I.,ZD9,,auto,AF,38
275,ROMANIA,ROMANIA,YO,,auto,EU,20
276,TROMELIN ISLAND,TROMELIN I.,FR/T,,auto,AF,39
277,SAINT PIERRE & MIQUELON,ST. PIERRE & MIQUELON,FP,,auto,NA,5
278,SAN MARINO,SAN MARINO,T7,,auto,EU,15
279,SCOTLAND,SCOTLAND,"GM,MM",,auto,EU,14
280,TURKMENISTAN,TURKMENISTAN,EZ,,auto,AS,17
281,SPAIN,SPAIN,EA,,auto,EU,14
282,TUVALU,TUVALU,T2,,auto,OC,31
283,U K BASES ON CYPRUS,UK SOVEREIGN BASE AREAS ON CYPRUS,ZC4,,manual,AS,20
284,SWEDEN,SWEDEN,SM,,auto,EU,14
285,US VIRGIN ISLANDS,VIRGIN IS.,KP2,,manual,NA,8
286,UGANDA,UGANDA,5X,,auto,AF,37
287,SWITZERLAND,SWITZERLAND,HB,,auto,EU,14
288,UKRAINE,UKRAINE,UT,,auto,EU,16
289,UNITED NATIONS HQ,UNITED NATIONS HQ,4U1UN,,auto,NA,5
291,UNITED STATES OF AMERICA,UNITED STATES OF AMERICA,"K, W",,auto,NA,5
292,UZBEKISTAN,UZBEKISTAN,UJ,,auto,AS,17
293,VIET NAM,VIET NAM,"3W, XV",,auto,AS,26
294,WALES,WALES,"GW,MW",,auto,EU,14
295,VATICAN CITY,VATICAN,HV,,manual,EU,15
296,SERBIA,SERBIA,YU,,auto,EU,15
297,WAKE ISLAND,WAKE I.,KH9,,auto,OC,31
298,WALLIS & FUTUNA ISLANDS,WALLIS & FUTUNA IS.,FW,,auto,OC,32
299,WEST MALAYSIA,WEST MALAYSIA,9M2,,auto,AS,28
301,WESTERN KIRIBATI,W. KIRIBATI (GILBERT IS. ),T30,,manual,OC,31
302,WESTERN SAHARA,WESTERN SAHARA,S0,,auto,AF,33
303,WILLIS ISLAND,WILLIS I.,VK9W,,auto,OC,30
304,BAHRAIN,BAHRAIN,A9,,auto,AS,21
305,BANGLADESH,BANGLADESH,S2,,auto,AS,22
306,BHUTAN,BHUTAN,A5,,auto,AS,22
307,ZANZIBAR,ZANZIBAR,VQ1,yes,auto,,
308,COSTA RICA,COSTA RICA,TI,,auto,NA,7
309,MYANMAR,MYANMAR,XZ,,auto,AS,26
312,CAMBODIA,CAMBODIA,XU,,auto,AS,26
315,SRI LANKA,SRI LANKA,4S,,auto,AS,22
318,CHINA,CHINA,BY,,auto,AS,24
321,HONG KONG,HONG KONG,VR,,auto,AS,24
324,INDIA,INDIA,VU,,auto,AS,22
327,INDONESIA,INDONESIA,YB,,auto,OC,28
330,IRAN,IRAN,EP,,auto,AS,21
333,IRAQ,IRAQ,YI,,auto,AS,21
336,ISRAEL,ISRAEL,4X,,auto,AS,20
339,JAPAN,JAPAN,JA,,auto,AS,25
342,JORDAN,JORDAN,JY,,auto,AS,20
344,DPRK (NORTH KOREA),DEMOCRATIC PEOPLE'S REP. OF KOREA,"P5,HM",,manual,AS,25
345,BRUNEI,BRUNEI DARUSSALAM,V8,,manual,OC,28
348,KUWAIT,KUWAIT,9K,,auto,AS,21
354,LEBANON,LEBANON,OD,,auto,AS,20
363,MONGOLIA,MONGOLIA,JT,,auto,AS,23
369,NEPAL,NEPAL,9N,,auto,AS,22
370,OMAN,OMAN,A4,,auto,AS,21
372,PAKISTAN,PAKISTAN,AP,,auto,AS,21
375,PHILIPPINES,PHILIPPINES,DU,,auto,OC,27
376,QATAR,QATAR,A7,,auto,AS,21
378,SAUDI ARABIA,SAUDI ARABIA,HZ,,auto,AS,21
379,SEYCHELLES ISLANDS,SEYCHELLES,S7,,manual,AF,39
381,SINGAPORE,SINGAPORE,9V,,auto,AS,28
382,DJIBOUTI,DJIBOUTI,J2,,auto,AF,37
384,SYRIA,SYRIA,YK,,auto,AS,20
386,TAIWAN,TAIWAN,BV,,auto,AS,24
387,THAILAND,THAILAND,HS,,auto,AS,26
390,TURKEY,TURKEY,TA,,auto,AS,20
391,UNITED ARAB EMIRATES,UNITED ARAB EMIRATES,A6,,auto,AS,21
400,ALGERIA,ALGERIA,7X,,auto,AF,33
401,ANGOLA,ANGOLA,D2,,auto,AF,36
402,BOTSWANA,BOTSWANA,A2,,auto,AF,38
404,BURUNDI,BURUNDI,9U,,auto,AF,36
406,CAMEROON,CAMEROON,TJ,,auto,AF,36
408,CENTRAL AFRICAN REPUBLIC,CENTRAL AFRICA,TL,,manual,AF,36
409,CAPE VERDE,CAPE VERDE,D4,,auto,AF,35
410,CHAD,CHAD,TT,,auto,AF,36
411,COMOROS,COMOROS,D6,,auto,AF,39
412,REPUBLIC OF THE CONGO,REPUBLIC OF THE CONGO,TN,,auto,AF,36
414,DEMOCRATIC REPUBLIC OF THE CONGO,DEMOCRATIC REPUBLIC OF THE CONGO,9Q,,auto,AF,36
416,BENIN,BENIN,TY,,auto,AF,35
420,GABON,GABON,TR,,auto,AF,36
422,THE GAMBIA,THE GAMBIA,C5,,auto,AF,35
424,GHANA,GHANA,9G,,auto,AF,35
428,COTE D'IVOIRE,COTE D'IVOIRE,TU,,auto,AF,35
430,KENYA,KENYA,5Z,,auto,AF,37
432,LESOTHO,LESOTHO,7P,,auto,AF,38
434,LIBERIA,LIBERIA,EL,,auto,AF,35
436,LIBYA,LIBYA,5A,,auto,AF,34
438,MADAGASCAR,MADAGASCAR,5R,,auto,AF,39
440,MALAWI,MALAWI,7Q,,auto,AF,37
442,MALI,MALI,TZ,,auto,AF,35
444,MAURITANIA,MAURITANIA,5T,,auto,AF,35
446,MOROCCO,MOROCCO,CN,,auto,AF,33
450,NIGERIA,NIGERIA,5N,,auto,AF,35
452,ZIMBABWE,ZIMBABWE,Z2,,auto,AF,38
453,REUNION ISLAND,REUNION I.,FR,,auto,AF,39
454,RWANDA,RWANDA,9X,,auto,AF,36
456,SENEGAL,SENEGAL,6W,,auto,AF,35
458,SIERRA LEONE,SIERRA LEONE,9L,,auto,AF,35
460,ROTUMA,ROTUMA I.,3D2,,manual,OC,32
462,REPUBLIC OF SOUTH AFRICA,REPUBLIC OF SOUTH AFRICA,ZS,,auto,AF,38
464,NAMIBIA,NAMIBIA,V5,,auto,AF,38
466,SUDAN,SUDAN,ST,,auto,AF,34
468,KINGDOM OF ESWATINI,KINGDOM OF ESWATINI,3DA,,auto,AF,38
470,TANZANIA,TANZANIA,5H,,auto,AF,37
474,TUNISIA,TUNISIA,3V,,auto,AF,33
478,EGYPT,EGYPT,SU,,auto,AF,34
480,BURKINA FASO,BURKINA FASO,XT,,auto,AF,35
482,ZAMBIA,ZAMBIA,9J,,auto,AF,36
483,TOGO,TOGO,5V7,,auto,AF,35
488,WALVIS BAY,WALVIS BAY,ZS9,yes,auto,,
489,CONWAY REEF,CONWAY REEF,3D2,,auto,OC,32
490,BANABA ISLAND,BANABA I. (OCEAN I.),T33,,manual,OC,31
492,YEMEN,YEMEN,7O,,auto,AS,21
493,PENGUIN ISLANDS,PENGUIN IS.,ZS0,yes,auto,,
497,CROATIA,CROATIA,9A,,auto,EU,15
499,SLOVENIA,SLOVENIA,S5,,auto,EU,15
501,BOSNIA-HERZEGOVINA,BOSNIA-HERZEGOVINA,E7,,auto,EU,15
502,NORTH MACEDONIA,NORTH MACEDONIA (REPUBLIC OF),Z3,,manual,EU,15
503,CZECH REPUBLIC,CZECH REPUBLIC,"OK,OL",,auto,EU,15
504,SLOVAK REPUBLIC,SLOVAK REPUBLIC,OM,,auto,EU,15
505,PRATAS ISLAND,PRATAS I.,BV9P,,auto,AS,24
506,SCARBOROUGH REEF,SCARBOROUGH REEF,BS7H,,auto,AS,27
507,TEMOTU PROVINCE,TEMOTU PROVINCE,H40,,auto,OC,32
508,AUSTRAL ISLANDS,AUSTRAL I.,FO,,auto,OC,32
509,MARQUESAS ISLANDS,MARQUESAS IS.,FO,,auto,OC,31
510,PALESTINE,PALESTINE,E4,,auto,AS,20
511,TIMOR - LESTE,TIMOR-LESTE,4W,,auto,OC,28
512,CHESTERFIELD ISLANDS,CHESTERFIELD IS.,FK/C,,auto,OC,30
513,DUCIE ISLAND,DUCIE I.,VP6,,auto,OC,32
514,MONTENEGRO,MONTENEGRO,4O,,auto,EU,15
515,SWAINS ISLAND,SWAINS I.,KH8,,auto,OC,32
516,SAINT BARTHELEMY,SAINT BARTHELEMY,FJ,,auto,NA,8
517,CURACAO,CURACAO,PJ2,,auto,SA,9
518,SINT MAARTEN,SINT MAARTEN,PJ7,,auto,NA,8
519,SABA & SAINT EUSTATIUS,SABA & ST. EUSTATIUS,"PJ5,PJ6",,auto,NA,8
520,BONAIRE,BONAIRE,PJ4,,auto,SA,9
521,REPUBLIC OF SOUTH SUDAN,SOUTH SUDAN (REPUBLIC OF),Z8,,manual,AF,34
522,REPUBLIC OF KOSOVO,REPUBLIC OF KOSOVO,Z6,,auto,EU,15
